effects	r_sq	p
vendor	0.5917073212519491	1e-4
experiment	0.022447051324498077	0.0059
unique_cage	0.2645585027666287	1e-4
