effects	r_sq	p
source	0.5917073212519491	1e-4
source:unique_cage	0.28700555409112666	2e-4
