effects	r_sq	p
source	0.5547352796934133	1e-4
source:unique_cage	0.3457830910017077	1e-4
