effects	r_sq	p
experiment	0.017115274660650735	1e-4
run	0.005737879104352771	1e-4
vendor	0.3512339146427215	1e-4
day	0.0986234661258347	1e-4
experiment:run	0.0019332017410387723	0.0074
experiment:vendor	0.09287685989884999	1e-4
run:vendor	0.010535958222143739	2e-4
experiment:day	0.019044213758272678	1e-4
vendor:day	0.1270885244297743	1e-4
experiment:run:vendor	0.0093941309874884	2e-4
experiment:vendor:day	0.06603084384833803	1e-4
