effects	r_sq	p
source	0.7228970258915711	1e-4
source:unique_cage	0.26776481813400466	1e-4
