effects	r_sq	p
vendor	0.7228970258915711	1e-4
experiment	0.011624814035945001	1e-4
unique_cage	0.25614000409805965	1e-4
