effects	r_sq	p
vendor	0.352365023986255	1e-4
day	0.10644846035595673	1e-4
experiment	0.013897050191347444	1e-4
vendor:day	0.15157638843449764	1e-4
vendor:experiment	0.08098798820033974	1e-4
day:experiment	0.01891438141524228	1e-4
vendor:day:experiment	0.07542497483582643	1e-4
