effects	r_sq	p
vendor	0.352365023986255	1e-4
mouse_id	0.2042248621000533	1e-4
day	0.10270669144551396	1e-4
experiment	0.3407034224681777	NA
run	1	NA
