effects	r_sq	p
vendor	0.5547352796934133	1e-4
experiment	0.07214302398795497	1e-4
unique_cage	0.2736400670137528	1e-4
