model_name	statistic	p.value	method	alternative	minimum	q1	median	mean	q3	maximum
otu_day0	44458	1.467576089504663e-50	Wilcoxon signed rank test with continuity correction	greater	0.3888888888888889	0.6666666666666666	0.75	0.7488888888888889	0.8333333333333334	1
otu_day1	19227.5	1.3317462817444615e-32	Wilcoxon signed rank test with continuity correction	greater	0.3958333333333333	0.5833333333333334	0.6666666666666666	0.6635416666666667	0.75	0.9166666666666666
otu_dayn1	18978	5.19251501128541e-31	Wilcoxon signed rank test with continuity correction	greater	0.39999999999999997	0.575	0.675	0.668375	0.75	1
