comparison	p.value.adj
otu_day1-otu_day0	1.9573752577849977e-14
otu_dayn1-otu_day0	3.348449314331482e-6
otu_dayn1-otu_day1	0.008417935970808341
