comparison	p.value.adj
otu_day1-otu_day0	4.455271523769397e-14
otu_dayn1-otu_day0	3.1070827525148945e-11
otu_dayn1-otu_day1	0.6202315759596984
