model_name	statistic	p.value	method	alternative	cv_lci	cv_q1	cv_median	cv_q3	cv_uci	test_lci	test_q1	test_median	test_q3	test_uci
otu_dayn1	15678	1.8502746588397567e-4	Wilcoxon rank sum test with continuity correction	two.sided	0.38040740079365076	0.5382634920634921	0.6176589285714287	0.7035575396825396	0.8510027976190476	0.449375	0.575	0.675	0.75	0.925
otu_day0	43135	0.3797068945640265	Wilcoxon rank sum test with continuity correction	two.sided	0.4761331398809524	0.6596641369047619	0.7593871031746032	0.826654761904762	0.9035657093253966	0.5131944444444445	0.6666666666666666	0.75	0.8333333333333334	1
otu_day1	17571	0.03564027123882775	Wilcoxon rank sum test with continuity correction	two.sided	0.44352184027777775	0.5631207837301588	0.6480630456349206	0.7116584573412698	0.8191128869047619	0.4583333333333333	0.5833333333333334	0.6666666666666666	0.75	0.8755208333333334
