model_name	statistic	p.value	method	alternative	cv_lci	cv_q1	cv_median	cv_q3	cv_uci	test_lci	test_q1	test_median	test_q3	test_uci
otu_dayn1	4151	0.03808715434830663	Wilcoxon rank sum test with continuity correction	two.sided	0.5105607242063492	0.6184673611111111	0.6911591269841271	0.7588424603174603	0.8673386507936508	0.461875	0.65	0.725	0.8	0.925
otu_day0	19620	0.7426112399158784	Wilcoxon rank sum test with continuity correction	two.sided	0.6119871031746031	0.7477456845238095	0.7939717261904762	0.8406888888888888	0.9150490079365079	0.5833333333333334	0.7222222222222223	0.7777777777777778	0.8611111111111112	1
otu_day1	4403	0.14486319359602778	Wilcoxon rank sum test with continuity correction	two.sided	0.4551602604166667	0.585849181547619	0.6589522817460318	0.7285422371031747	0.8396852951388888	0.4583333333333333	0.6041666666666666	0.6666666666666666	0.7552083333333333	0.875
