model_name	statistic	p.value	method	alternative	cv_lci	cv_q1	cv_median	cv_q3	cv_uci	test_lci	test_q1	test_median	test_q3	test_uci
otu_dayn1	15678	1.8502746588397567e-4	Wilcoxon rank sum test with continuity correction	two.sided	0.38040740079365076	0.5382634920634921	0.6176589285714287	0.7035575396825396	0.8510027976190476	0.449375	0.575	0.675	0.75	0.925
otu_day0	43135	0.3797068945640265	Wilcoxon rank sum test with continuity correction	two.sided	0.4761331398809524	0.6596641369047619	0.7593871031746032	0.826654761904762	0.9035657093253966	0.5131944444444445	0.6666666666666666	0.75	0.8333333333333334	1
otu_day1	17571	0.03564027123882775	Wilcoxon rank sum test with continuity correction	two.sided	0.44352184027777775	0.5631207837301588	0.6480630456349206	0.7116584573412698	0.8191128869047619	0.4583333333333333	0.5833333333333334	0.6666666666666666	0.75	0.8755208333333334
family_dayn1	3178	8.501707921501268e-6	Wilcoxon rank sum test with continuity correction	two.sided	0.3540181845238095	0.46206230158730155	0.5492920634920635	0.6164543650793651	0.743022827380952	0.436875	0.55	0.625	0.7	0.8131249999999998
family_day0	4055	0.02098292429473975	Wilcoxon rank sum test with continuity correction	two.sided	0.42309158234126987	0.5528174107142857	0.6163790674603175	0.6972790178571429	0.8217808878968254	0.4444444444444444	0.5833333333333334	0.6666666666666666	0.7291666666666667	0.8479166666666664
family_day1	4410	0.1496537789340489	Wilcoxon rank sum test with continuity correction	two.sided	0.4178861408730159	0.5543173611111111	0.625321875	0.6883458333333333	0.7798768080357142	0.46822916666666664	0.5625	0.625	0.7135416666666666	0.8859374999999998
