family	statistic	p.value	method	alternative	-1	0	p.value.adj	source
Clostridiales Unclassified	28	0.015625000000000003	Wilcoxon signed rank test	two.sided	0.02448829449013374	0	0.046875000000000014	Young
Coriobacteriaceae	28	0.015625000000000003	Wilcoxon signed rank test	two.sided	0.0028902493496938964	2.101999527050106e-4	0.046875000000000014	Young
Enterobacteriaceae	0	0.015625000000000003	Wilcoxon signed rank test	two.sided	4.992248876744003e-4	0.7467353319845503	0.046875000000000014	Young
Erysipelotrichaceae	28	0.015625000000000003	Wilcoxon signed rank test	two.sided	0.03331669250374419	0.0016290496334638324	0.046875000000000014	Young
Firmicutes Unclassified	28	0.015625000000000003	Wilcoxon signed rank test	two.sided	0.0018655245802569693	2.627499408812633e-5	0.046875000000000014	Young
Lachnospiraceae	28	0.015625000000000003	Wilcoxon signed rank test	two.sided	0.17346751096981003	8.145248167319162e-4	0.046875000000000014	Young
Lactobacillaceae	0	0.015625000000000003	Wilcoxon signed rank test	two.sided	0.0631650857878557	0.24196642055755538	0.046875000000000014	Young
Rikenellaceae	28	0.015625000000000003	Wilcoxon signed rank test	two.sided	0.1425943929162616	2.627499408812633e-5	0.046875000000000014	Young
Verrucomicrobiaceae	28	0.015625000000000003	Wilcoxon signed rank test	two.sided	0.10646627604508789	1.8392495861688433e-4	0.046875000000000014	Young
